<?xml version="1.0" encoding="ISO-8859-1"?>
<!--?xml:stylesheet type="text/xsl" href="dublincore.xsl"?-->
<!DOCTYPE DublinCore SYSTEM "dublincore.dtd">
<DublinCore>
	<DublinCoreSet>
		<Title>Resource Description Framework (RDF) Model and Syntax Specification</Title>
		<Creator>Ora Lassila</Creator>
		<Subject>Applications of computer file organization and access methods</Subject>
		<Subject>Data processing computer applications</Subject>
		<Description>The Resource Description Framework (RDF) is a foundation for processing metadata; it provides interoperability between applications that exchange machine-understandable information on the Web.  RDF emphasizes facilities to enable automated processing of Web resources</Description>
		<Publisher>World Wide Web Consortium</Publisher>
		<Contributor>Ralph Swick</Contributor>
		<Date>1999-01-05</Date>
		<Type>technical specification</Type>
		<Format>text/html</Format>
		<Identifier>http://www.w3.org/TR/1999/PR-rdf-syntax-19990105</Identifier>
		<Source>http://www.w3.org/TR/WD-rdf-schema</Source>
		<Language>en</Language>
		<Relation>http://w3.org/TR/PR-rdf-syntax</Relation>
		<Coverage>Internet</Coverage>
		<Rights>Copyright � 1997,1998,1999 W3C</Rights>
	</DublinCoreSet>
</DublinCore>