<?xml version="1.0" encoding="UTF-8"?>
<personnel xmlns="personal.xsd">
  <person id="H.MARUYAMA" salary="10">
    <name><family>MARUYAMA</family> <given>Hiroshi</given></name>
    <email>8</email>
    <link subordinates="  N.URAMOTO    K.TAMURA "/>
  </person>
  <person id="N.URAMOTO">
    <name><family>URAMOTO</family> <given>Naohiko</given></name>
    <email>uramoto@jp.ibm.com</email>
    <link manager="		H.MARUYAMA"/>
  </person>
  <person id="K.TAMURA">
    <name>
      <family>TAMURA</family> <given>Kent</given>
    </name>
    <!-- This URL is mail address.-->
    <url href="mailto:kent@trl.ibm.co.jp"/>
    <url href="mailto:tkent@jp.ibm.com"/>
    <link manager="H.MARUYAMA"/>
  </person>
</personnel>
